driver_behavior,fleet_policy,grid_policy,policy,capacity_pct,rows,driver_pass_rows,fleet_pass_rows,grid_pass_rows,mutually_acceptable_rows,mean_delivered_ratio,mean_peak_ratio,mean_energy_cost_ratio,mean_p95_wait_delta_min,mean_demand_charge_delta_usd_month_25,mean_ramp_p95_ratio,dominant_failure_pattern
FullyCompliant,FleetAvailabilityFocused,NoGridIncentive,D_FullyCompliant__F_AvailabilityFocused__G_NoGrid,20,10,0,0,0,0,1.0006821729662936,1.019811320754717,1.0060423239009795,0.0,52.5,0.2954061739047066,driver_fleet_grid_fail
FullyCompliant,FleetAvailabilityFocused,NoGridIncentive,D_FullyCompliant__F_AvailabilityFocused__G_NoGrid,35,10,0,0,0,0,1.004564389763596,1.0641546353588238,1.0119153723795669,0.0,315.0,0.47139297533876323,driver_fleet_grid_fail
FullyCompliant,FleetAvailabilityFocused,NoGridIncentive,D_FullyCompliant__F_AvailabilityFocused__G_NoGrid,50,10,0,0,0,0,1.0044240641670896,1.0646556292476652,1.0113942135198448,0.0,350.0,0.5335617840937645,driver_fleet_grid_fail
FullyCompliant,FleetCostOnly,GridPeakPenalty,D_FullyCompliant__F_CostOnly__G_PeakPenalty,20,10,0,0,0,0,0.9801190707513119,0.8934630155284689,0.9442284926370317,0.0,-297.5,0.5102131914485664,driver_fleet_grid_fail
FullyCompliant,FleetCostOnly,GridPeakPenalty,D_FullyCompliant__F_CostOnly__G_PeakPenalty,35,10,0,0,0,0,1.0029906789237917,0.929967660403302,0.9644515970600367,0.0,-350.0,0.5877892318023156,driver_fleet_grid_fail
FullyCompliant,FleetCostOnly,GridPeakPenalty,D_FullyCompliant__F_CostOnly__G_PeakPenalty,50,10,0,0,0,0,1.0031348976070764,0.971741114246992,0.965343588550291,0.0,-192.5,0.6119751830845753,driver_fleet_grid_fail
FullyCompliant,FleetCostOnly,NoGridIncentive,D_FullyCompliant__F_CostOnly__G_NoGrid,20,10,0,0,0,0,0.9962200404992434,1.019811320754717,0.93367502607612,104.39999999999986,52.5,0.49680617390470666,driver_fleet_grid_fail
FullyCompliant,FleetCostOnly,NoGridIncentive,D_FullyCompliant__F_CostOnly__G_NoGrid,35,10,0,0,0,0,1.0038975597902198,1.0641546353588238,0.9593483060416064,43.499999999999915,315.0,0.6105133373586649,driver_fleet_grid_fail
FullyCompliant,FleetCostOnly,NoGridIncentive,D_FullyCompliant__F_CostOnly__G_NoGrid,50,10,0,0,0,0,1.0037566755853444,1.0646556292476652,0.9636758509030837,37.499999999999915,350.0,0.6326926846123425,driver_fleet_grid_fail
FullyCompliant,FleetQueueAware,GridPeakPenalty,D_FullyCompliant__F_QueueAware__G_PeakPenalty,20,10,0,0,0,0,0.9395492707885337,0.8934630155284689,0.9546608922389079,0.0,-297.5,0.36630735308215867,driver_fleet_grid_fail
FullyCompliant,FleetQueueAware,GridPeakPenalty,D_FullyCompliant__F_QueueAware__G_PeakPenalty,35,10,0,0,0,0,0.9551829340462072,0.929967660403302,0.9626483432009889,0.0,-350.0,0.4975018860965769,driver_fleet_grid_fail
FullyCompliant,FleetQueueAware,GridPeakPenalty,D_FullyCompliant__F_QueueAware__G_PeakPenalty,50,10,0,0,0,0,0.9550492078649988,0.971741114246992,0.9576434638596046,0.0,-192.5,0.5427044205486145,driver_fleet_grid_fail
FullyCompliant,FleetQueueAware,NoGridIncentive,D_FullyCompliant__F_QueueAware__G_NoGrid,20,10,0,0,0,0,0.9398488409994341,1.019811320754717,0.9395410132458387,0.0,52.5,0.39393248969418054,driver_fleet_grid_fail
FullyCompliant,FleetQueueAware,NoGridIncentive,D_FullyCompliant__F_QueueAware__G_NoGrid,35,10,0,0,0,0,0.9551829340462072,1.0641546353588238,0.953392828142132,0.0,315.0,0.5419933646974522,driver_fleet_grid_fail
FullyCompliant,FleetQueueAware,NoGridIncentive,D_FullyCompliant__F_QueueAware__G_NoGrid,50,10,0,0,0,0,0.9550492078649988,1.0646556292476652,0.9544771552526884,0.0,350.0,0.5702444213559004,driver_fleet_grid_fail
FullyCompliant,FleetServiceCostly,NoGridIncentive,D_FullyCompliant__F_ServiceCostly__G_NoGrid,20,10,0,0,0,0,0.9720431746625449,1.019811320754717,0.9750408521302741,216.59999999999997,52.5,1.1537504553734055,driver_fleet_grid_fail
FullyCompliant,FleetServiceCostly,NoGridIncentive,D_FullyCompliant__F_ServiceCostly__G_NoGrid,35,10,0,0,0,0,0.983184924189097,1.0569543603575018,0.9842765452296751,169.49999999999991,280.0,1.9756019922016936,driver_fleet_grid_fail
FullyCompliant,FleetServiceCostly,NoGridIncentive,D_FullyCompliant__F_ServiceCostly__G_NoGrid,50,10,0,0,0,0,0.9831857683357332,1.0479390831217645,0.98483241620824,163.7999999999999,262.5,2.1102264057236813,driver_fleet_grid_fail
FullyCompliant,FleetServiceFirst,GridPeakPenalty,D_FullyCompliant__F_ServiceFirst__G_PeakPenalty,20,10,10,10,10,10,0.9997366272486682,0.8934630155284689,1.0132522102337467,0.0,-297.5,1.0001409260857062,all_pass
FullyCompliant,FleetServiceFirst,GridPeakPenalty,D_FullyCompliant__F_ServiceFirst__G_PeakPenalty,35,10,10,10,9,9,1.000054211226621,0.8658130250444781,1.0059301457352867,0.0,-665.0,1.0044627068907979,all_pass
FullyCompliant,FleetServiceFirst,GridPeakPenalty,D_FullyCompliant__F_ServiceFirst__G_PeakPenalty,50,10,10,10,9,9,1.0,0.9129188183326601,1.0026496883734104,0.0,-507.5,1.0169785810949228,all_pass
FullyCompliant,FleetServiceFirst,NoGridIncentive,D_FullyCompliant__F_ServiceFirst__G_NoGrid,20,10,10,10,10,10,1.0,1.0,1.0,0.0,0.0,1.0,all_pass
FullyCompliant,FleetServiceFirst,NoGridIncentive,D_FullyCompliant__F_ServiceFirst__G_NoGrid,35,10,10,10,10,10,1.0,1.0,1.0,0.0,0.0,1.0,all_pass
FullyCompliant,FleetServiceFirst,NoGridIncentive,D_FullyCompliant__F_ServiceFirst__G_NoGrid,50,10,10,10,10,10,1.0,1.0,1.0,0.0,0.0,1.0,all_pass
FullyCompliant,FleetServiceFirst,NoGridIncentive,LeastLaxity,20,10,10,10,10,10,1.0,1.0,1.0,0.0,0.0,1.0,all_pass
FullyCompliant,FleetServiceFirst,NoGridIncentive,LeastLaxity,35,10,10,10,10,10,1.0,1.0,1.0,0.0,0.0,1.0,all_pass
FullyCompliant,FleetServiceFirst,NoGridIncentive,LeastLaxity,50,10,10,10,10,10,1.0,1.0,1.0,0.0,0.0,1.0,all_pass
LimitedAttentionP0025,FleetServiceFirst,NoGridIncentive,D_LimitedAttentionP0025__F_ServiceFirst__G_NoGrid,20,10,10,10,9,9,0.99277924521092,0.9938053097345133,0.9938975321238385,0.0,-17.5,1.017825136612022,all_pass
LimitedAttentionP0025,FleetServiceFirst,NoGridIncentive,D_LimitedAttentionP0025__F_ServiceFirst__G_NoGrid,35,10,9,10,10,9,0.9912459207477411,0.9966981132075471,0.9910889361797247,0.0,-17.5,1.0077513980177937,all_pass
LimitedAttentionP0025,FleetServiceFirst,NoGridIncentive,D_LimitedAttentionP0025__F_ServiceFirst__G_NoGrid,50,10,10,10,7,7,0.9912440530361554,0.993799361122543,0.9928186775261368,0.0,-35.0,1.0592687923684565,all_pass
LimitedAttentionP005,FleetServiceFirst,NoGridIncentive,D_LimitedAttentionP005__F_ServiceFirst__G_NoGrid,20,10,9,10,8,7,0.9831406095096895,0.9942143930539322,0.9867953554651943,0.0,-17.5,1.026421627840092,all_pass
LimitedAttentionP005,FleetServiceFirst,NoGridIncentive,D_LimitedAttentionP005__F_ServiceFirst__G_NoGrid,35,10,8,10,7,6,0.9813798668762963,0.9855994499973558,0.9801584510603755,0.0,-70.0,1.0492667227927792,all_pass
LimitedAttentionP005,FleetServiceFirst,NoGridIncentive,D_LimitedAttentionP005__F_ServiceFirst__G_NoGrid,50,10,7,10,6,3,0.9774743536540564,0.99292044438769,0.9734604657165219,0.0,-35.0,1.1046629517495088,grid_only_fail
PriceSensitive,FleetQueueAware,GridPeakPenalty,D_PriceSensitive__F_QueueAware__G_PeakPenalty,20,10,0,0,0,0,0.8832646921393084,1.019811320754717,0.8468641250171082,3374.999999999999,52.5,0.5541320678746042,driver_fleet_grid_fail
PriceSensitive,FleetQueueAware,GridPeakPenalty,D_PriceSensitive__F_QueueAware__G_PeakPenalty,35,10,0,0,0,0,0.86399129371905,1.0462187318208263,0.8256386275390353,2470.5,227.5,0.6594113309343981,driver_fleet_grid_fail
PriceSensitive,FleetQueueAware,GridPeakPenalty,D_PriceSensitive__F_QueueAware__G_PeakPenalty,50,10,0,0,0,0,0.8646674958837274,1.0458413741128862,0.8169163052496774,2542.4999999999995,245.0,0.671096972258012,driver_fleet_grid_fail
PriceSensitive,FleetServiceFirst,NoGridIncentive,D_PriceSensitive__F_ServiceFirst__G_NoGrid,20,10,0,0,0,0,0.9132068585480697,1.019811320754717,0.9010475042086801,3519.0,52.5,0.8534150321158084,driver_fleet_grid_fail
PriceSensitive,FleetServiceFirst,NoGridIncentive,D_PriceSensitive__F_ServiceFirst__G_NoGrid,35,10,0,0,0,0,0.8799217927729904,1.0141414141414142,0.8552639478560939,2321.9999999999995,70.0,1.0380899342081198,driver_fleet_grid_fail
PriceSensitive,FleetServiceFirst,NoGridIncentive,D_PriceSensitive__F_ServiceFirst__G_NoGrid,50,10,0,0,0,0,0.8783668556923537,1.0,0.8543891837846932,2236.7999999999997,0.0,1.065131185769169,driver_fleet_grid_fail
ReserveSeeking,FleetServiceFirst,NoGridIncentive,D_ReserveSeeking__F_ServiceFirst__G_NoGrid,20,10,0,0,0,0,0.9255011388109748,1.0132075471698114,0.913889464069707,1021.2,35.0,0.996421627840092,driver_fleet_grid_fail
ReserveSeeking,FleetServiceFirst,NoGridIncentive,D_ReserveSeeking__F_ServiceFirst__G_NoGrid,35,10,0,0,0,0,0.9106864247718873,0.9966981132075471,0.8910649765722718,595.4999999999999,-17.5,1.2809439290563516,driver_fleet_grid_fail
ReserveSeeking,FleetServiceFirst,NoGridIncentive,D_ReserveSeeking__F_ServiceFirst__G_NoGrid,50,10,0,0,0,0,0.9133191507372148,1.0,0.8940412632731052,553.4999999999999,0.0,1.3534145815506915,driver_fleet_grid_fail
SoCCompliance,FleetQueueAware,GridPeakPenalty,D_SoCCompliance__F_QueueAware__G_PeakPenalty,20,10,0,0,0,0,0.8368032238543099,1.019811320754717,0.8229065774286939,3623.999999999999,52.5,0.4369149458345311,driver_fleet_grid_fail
SoCCompliance,FleetQueueAware,GridPeakPenalty,D_SoCCompliance__F_QueueAware__G_PeakPenalty,35,10,0,0,0,0,0.8085669577232689,1.0534190068221483,0.7726744595679534,2635.2,262.5,0.6702011076706504,driver_fleet_grid_fail
SoCCompliance,FleetQueueAware,GridPeakPenalty,D_SoCCompliance__F_QueueAware__G_PeakPenalty,50,10,0,0,0,0,0.8060219339621278,1.0553576452374647,0.7728388700817643,2698.7999999999997,297.5,0.6408027930901637,driver_fleet_grid_fail
SoCCompliance,FleetServiceFirst,NoGridIncentive,D_SoCCompliance__F_ServiceFirst__G_NoGrid,20,10,0,0,0,0,0.8303271793010006,1.019811320754717,0.8218005801863251,3621.2999999999993,52.5,0.7291807113411941,driver_fleet_grid_fail
SoCCompliance,FleetServiceFirst,NoGridIncentive,D_SoCCompliance__F_ServiceFirst__G_NoGrid,35,10,0,0,0,0,0.7988790457982964,1.0141414141414142,0.774940230764379,2502.8999999999996,70.0,0.9851836879644267,driver_fleet_grid_fail
SoCCompliance,FleetServiceFirst,NoGridIncentive,D_SoCCompliance__F_ServiceFirst__G_NoGrid,50,10,0,0,0,0,0.8005285923955496,1.0,0.7696774957205422,2396.3999999999996,0.0,0.9796811971767792,driver_fleet_grid_fail
SoCQueueCompliance,FleetServiceFirst,NoGridIncentive,D_SoCQueueCompliance__F_ServiceFirst__G_NoGrid,20,10,0,0,0,0,0.8878078445773319,1.019811320754717,0.8808885243431845,5132.099999999999,52.5,0.6458829450675863,driver_fleet_grid_fail
SoCQueueCompliance,FleetServiceFirst,NoGridIncentive,D_SoCQueueCompliance__F_ServiceFirst__G_NoGrid,35,10,0,0,0,0,0.8488714993189846,1.0353535353535352,0.834747063695696,3809.7,175.0,0.8102428038771123,driver_fleet_grid_fail
SoCQueueCompliance,FleetServiceFirst,NoGridIncentive,D_SoCQueueCompliance__F_ServiceFirst__G_NoGrid,50,10,0,0,0,0,0.846425379384623,1.0175,0.8294103143399368,3804.0,105.0,0.7957668717935983,driver_fleet_grid_fail
UrgencyDriven,FleetServiceFirst,NoGridIncentive,D_UrgencyDriven__F_ServiceFirst__G_NoGrid,20,10,0,0,0,0,0.9788114221764207,1.0066037735849056,0.9768342222474251,60.299999999999976,17.5,1.080702329594478,driver_fleet_grid_fail
UrgencyDriven,FleetServiceFirst,NoGridIncentive,D_UrgencyDriven__F_ServiceFirst__G_NoGrid,35,10,0,0,0,0,0.9758232449048952,1.0,0.9681579624304966,60.299999999999976,0.0,1.3199826661473075,driver_fleet_grid_fail
UrgencyDriven,FleetServiceFirst,NoGridIncentive,D_UrgencyDriven__F_ServiceFirst__G_NoGrid,50,10,0,0,0,0,0.9796825455924665,1.0,0.9756876711373483,60.299999999999976,0.0,1.3263194978900064,driver_fleet_grid_fail
